"sid","group","interested.Bear","complex.Bear","time.Bear","progress.Bear","rule.Bear","future.learn.0.Bear","future.learn.1.Bear","interested.Bunny","complex.Bunny","time.Bunny","progress.Bunny","rule.Bunny","future.learn.0.Bunny","future.learn.1.Bunny","interested.GreenMonster","complex.GreenMonster","time.GreenMonster","progress.GreenMonster","rule.GreenMonster","future.learn.0.GreenMonster","future.learn.1.GreenMonster","interested.Squid","complex.Squid","time.Squid","progress.Squid","rule.Squid","future.learn.0.Squid","future.learn.1.Squid","age","gender","race","ethnicity","thoughts","comments"
"A100Y89FZO4J0B:3FTOP5WARG367O4MAQ5FL69K51FJ0Y",0,3,3,3,6,10,6,2,8,7,8,9,8,8,3,2,1,1,1,10,3,1,4,9,4,4,2,6,6,27,"female","white","nonhisp","studying learning abilities ",""
"A10BH9PYCYUKDJ:3YWRV122CTEX3TKJHTM8LNOD5E4U85",0,10,1,10,10,6,10,1,5,8,4,6,8,10,10,10,1,9,10,6,10,1,1,10,1,1,10,10,10,36,"female","black","nonhisp","Trial and error","None"
"A10DEO061A6L3O:3YW4XOSQKR0FST0YI8DT6D15R8Y1US",0,5,1,7,10,10,2,1,5,9,4,3,3,8,8,5,7,6,5,5,7,7,4,7,1,1,5,7,10,41,"male","white","nonhisp","People's learning preferences and style.","None"
"A11THU6UGG3THR:31QTRG6Q2USZQU35DBL8AUPGQCBPYE",0,10,10,10,1,5,9,10,3,2,1,10,10,5,2,7,5,7,10,10,10,3,3,1,1,10,10,4,2,38,"female","white","nonhisp","How people learn rules.",""
"A11UQWFUDNIHIL:32ZKVD547G2W6X575LAHPGOE07SB30",0,7,8,6,7,5,8,6,3,10,2,1,2,8,3,7,6,7,7,6,8,6,9,1,10,1,10,4,1,41,"female","white","nonhisp","to see how long we would spend trying to figure each one out.",""
"A12A5GVJX5RZC4:3Y4W8Q93L0Z9X35A3R7T314XUCXDV6",0,10,9,4,1,2,2,3,6,1,10,10,10,9,8,6,3,7,9,8,9,9,6,7,4,3,5,8,7,36,"male","white","nonhisp","noticing patterns",""
"A12FCLCVIM2CL3:33JKGHPFYD9ZTS2EETK5CAXEHNKNME",0,5,8,8,7,3,10,3,10,4,4,9,10,6,1,1,10,7,1,1,10,1,9,1,1,10,10,1,1,32,"male","white","nonhisp","not sure",""
"A140QSCUDO8CPW:3BDCF01OGY99Z9O7LJS1TDGWL3WYLD",0,10,10,10,8,1,10,5,2,1,1,10,10,1,1,10,10,8,2,1,7,5,2,1,1,10,10,1,1,40,"male","white",NA,"How we categorize things that can't be categorized. Just a guess.","Good luck on your study! Frustrating but still fun. "
"A14ADQ7RUN6TDY:37W3JXSD67NPA306PXZ32OXCJ94YW8",0,8,9,8,6,4,9,4,10,9,4,1,2,9,2,8,10,6,3,7,9,5,4,3,9,10,10,6,10,68,"male","white","nonhisp","I really don't know. ","Thanks!"
"A15JP0TGZKLNIZ:38YMOXR4MVENRJQ0JE4BJXDJKZC6WH",0,1,1,2,10,10,9,10,10,10,10,1,1,1,3,10,10,10,1,1,1,3,1,1,2,10,10,3,10,23,"male","white",NA,"How we recognize preferences, and do we give up when we cant figure it out and refer to what we know.","fun"
"A16OH8XXYY0AAS:3PW9OPU9PRZ68HRWZO3N0U6D8HG12B",0,10,1,10,10,10,1,10,1,10,1,1,10,6,10,1,10,1,1,10,6,10,1,10,1,1,1,9,1,22,"male","white","nonhisp","Monster food preferences.",""
"A16SJ5D3DKUEXJ:30LSNF239VAH8NNU7VOTSTNZPK92IO",0,7,10,9,5,6,10,10,10,1,7,10,10,10,1,9,8,9,9,10,10,8,7,10,9,5,3,10,9,36,"female","asian","nonhisp","Pattern recognition?","Fun HIT, cute monsters!  Thanks for the opportunity! "
"A17AH7B74XRKX1:3A4TN5196LXUAA4CY6VE4UV61XDHCN",0,6,3,2,9,9,3,2,9,7,3,9,9,7,7,5,10,10,4,3,9,5,8,2,2,10,10,2,1,28,"male","white","nonhisp","To see how we learn and make decisions?",":)"
"A17D65I948OQZM:3TVRFO09GLUKZ4YXGN6ZAZ9NJWELX4",0,8,6,8,8,9,4,10,9,2,6,10,10,4,1,5,10,10,2,2,9,8,5,8,9,7,3,9,3,39,"male","white","nonhisp","This study seemed to be based on if people could recognize certain traits which correspond to a certain monster and their eating habits.","None that come to mind at this present moment."
"A18ABCQ0UCECNP:3A7Y0R2P2P3E4EAXD2UMUKWVF7ZXJ4",0,4,5,6,6,5,7,7,1,1,10,10,10,10,4,2,1,6,9,10,10,5,10,8,4,2,5,9,7,31,"male","white","nonhisp","i dont know",""
"A19P0GVTAIWID4:3TEM0PF1Q6CT424U0UJ4I8E70GN0D4",0,10,10,10,10,10,10,10,1,5,1,1,5,10,10,1,5,1,1,5,10,10,1,5,1,1,5,10,10,34,"female","mult","nonhisp","memorie","thanks!"
"A19UBZFVUWL1ES:3LOZAJ85YESEYICP6HOUV3AEDWQ2XZ",0,2,7,2,2,2,9,8,7,2,10,10,10,9,1,2,9,3,2,3,9,8,2,9,3,2,3,9,8,48,"male","white","nonhisp","i have no idea",""
"A1A8L6LU8E2YOA:3C6FJU71TR8CIZB1UXK2K0CFYUTYUB",0,10,8,9,7,7,8,10,2,1,3,10,10,8,1,10,10,8,1,1,8,6,4,1,3,10,10,8,1,27,"male","white","hisp","Seeing how long we spend trying to discover patterns",""
"A1AO1LLP3INAZF:39RP059MEI8XSJDHB3FWLFXK0ZABMJ",0,7,10,7,5,7,10,4,10,1,7,10,10,6,1,10,4,9,10,10,10,1,3,10,4,3,2,10,6,30,"female","white","hisp","I'm not really sure but it was fun!","Thank you, this was fun"
"A1B4KC5KP7FH1Z:3DZQRBDBSMUVNJM9G7WCF5YE4VT3S8",0,10,3,10,8,10,9,10,3,5,1,1,6,8,5,1,10,1,1,6,6,3,1,10,1,1,6,5,3,51,"male","white","nonhisp","guessing the difference in individual prefernce",""
"A1B4WL7N3ACF2T:3K4J6M3CXF8SHZC3UMH5DZTHMURGAX",0,10,5,9,8,7,9,5,9,4,8,9,9,8,5,8,9,7,5,7,8,8,7,2,7,10,10,6,2,55,"female","white","nonhisp","Learning rule-based results?","Cute, fun, interesting HIT - thank you."
"A1BF7DK6RJHQA1:34J10VATJGDY06PF96EUOBL25PAIQ3",0,4,10,1,2,1,8,10,5,9,1,1,1,7,10,10,5,5,10,10,9,1,10,4,10,10,10,10,1,52,"female","white","nonhisp","Feeding Monsters ",""
"A1BSA7FVVJGZ15:3YDGXNSEO09YMVQ42NVQ8JQJ61684M",0,8,7,5,8,8,8,8,7,4,7,10,10,6,2,7,4,7,10,10,2,2,3,9,4,1,1,8,2,42,"male","white","nonhisp","I am not sure",""
"A1C59M3HPCO503:3DI28L7YXBTY3X3CS8YO2VF25LRE1D",0,1,8,1,1,1,2,3,1,8,1,1,3,4,2,1,4,1,4,6,8,6,5,1,10,10,10,7,1,22,"female","white","nonhisp","I don't know",""
"A1CKIYN01NV9GJ:3OUYGIZWR8D2TZ7K53AZI2VWEZXP0E",0,1,6,1,1,1,10,10,1,6,1,1,1,10,10,10,6,10,10,10,10,10,1,6,1,1,1,10,10,30,"female","white","nonhisp","how people classify things",""
"A1D4A0N1ZJ3D6G:3WQQ9FUS6B9I7UBDH25DGXWPGUQB80",0,9,2,9,10,10,8,2,3,9,3,5,3,10,7,4,9,5,6,4,8,7,9,5,7,9,10,6,2,43,"male","white","nonhisp","idk",""
"A1EPK034C4K1Q2:3Z4AIRP3C7S79XUTNDOGQK09LQFX1G",0,4,6,6,4,1,5,8,1,10,1,1,1,8,8,10,1,10,10,10,4,2,6,8,6,6,1,5,8,28,"male","asian","nonhisp","It was fun a survey i have done in a long time.","No comment"
"A1G452MFAS690B:34PGFRQONPQZFE573XY0S1IO656JWA",0,2,7,4,5,8,9,6,8,2,8,8,6,7,5,9,6,5,4,7,5,6,2,8,4,3,9,5,9,29,"female","white","nonhisp","Remembering preferences","n/a"
"A1GD980NB9Y7SF:3PJUZCGDJ7VZJ1WGJIRHPR1ZST8896",0,10,1,10,10,10,4,1,1,10,1,1,2,10,8,1,10,1,4,3,8,8,7,4,1,6,7,6,7,34,"male","white","nonhisp","learning methods and predictability",""
"A1HGSSITI7GRQS:34X6J5FLPUDUVH9LROZU0C02I5BQJ1",0,8,3,9,9,9,5,7,2,9,6,5,5,5,4,2,6,1,2,5,6,4,2,8,1,2,5,5,4,35,"female","white","nonhisp","How we recognize patterns. ",""
"A1HSY4DI5PO5Z7:354P56DE9LIDO2NWIJZ2SMAU9YWS7L",0,5,5,1,5,10,10,10,5,10,3,1,1,10,10,4,10,6,1,1,10,10,10,1,10,10,10,10,1,23,"female","mult","nonhisp","Food preferences. ","Thanks!"
"A1JYOZ111S9MIR:3LBXNTKX0SAPY2XORQ395QISJ2X9XV",0,5,6,10,6,10,7,5,10,2,2,2,10,10,9,3,8,8,8,6,7,6,7,7,6,5,4,4,2,26,"female","white","nonhisp","",""
"A1M682B2WUSYJP:32AT8R96GMOFMDZSVRSD2EOEH80SUS",0,4,2,6,7,10,6,3,1,10,2,2,3,4,5,7,2,10,6,10,10,2,1,9,1,1,2,10,6,31,"male","white","nonhisp","I'm honestly not sure.",""
"A1N4AZ1QXPOPXH:34YB12FSQZ3TJ0LSRP7AMQOHGCAGMD",0,10,9,9,6,6,8,10,9,8,8,8,8,8,8,9,7,7,9,8,8,8,10,9,9,7,6,8,10,31,"male","white","nonhisp","Category learning","n/a"
"A1NC53WVIE8VVN:3WS1NTTKEZRQ2MIQR0EU68HSCT30FF",0,10,1,10,10,10,4,1,1,7,1,1,10,4,10,1,10,1,1,4,4,3,7,10,8,10,1,10,3,29,"male","white","not-reported","I think it was my ability to learn and find a pattern on what the monster like. ",""
"A1RG0JH5X98J:39GXDJN2OUTXG89JMJWDH9QWJL2V8K",0,1,10,3,1,1,1,1,6,10,5,3,3,10,6,10,1,10,10,10,10,10,10,6,10,4,3,10,5,27,"female","white","hisp","Pattern learning ",""
"A1SXSNMYZCHT0:3I0BTBYZAY0W2DZLWQ6IVTO8I4U0YD",0,2,7,3,3,8,8,9,2,10,1,1,3,8,5,2,9,1,1,6,8,9,10,1,10,10,10,8,1,34,"female","white","nonhisp","I'm not sure.",""
"A1UEX245I12ZH7:33IZTU6J82G73HTN0W30MLNIBRBXSL",0,8,1,3,10,10,10,5,10,8,7,6,6,10,10,8,4,4,10,10,10,6,10,10,9,2,3,10,10,60,"female","white","nonhisp","I can only guess the study is about how we categorize things/people and how we look for similarities to help us understand our world.",""
"A1UHNDB2EQ8TK0:33TIN5LC05PEY7NYWMPBO4P1L8R9Y1",0,5,5,2,1,4,4,7,5,5,2,1,4,4,7,5,5,2,1,4,4,7,10,5,10,10,10,4,3,25,"female","black","nonhisp","PATTERNS",""
"A1UT24L635HEZ6:37WLF8U1WQ5WWJWJU0L8VMJOXT7K65",0,3,2,1,10,10,3,2,7,6,3,6,5,8,5,10,10,10,3,5,9,7,2,2,1,10,10,3,2,34,"male","white","nonhisp","Learning patterns",""
"A1UXWUM04RAO59:31T4R4OBOTVXHLY0LX92DH6CNVN7CJ",0,7,9,7,5,7,6,7,6,6,3,9,9,9,3,5,5,3,9,9,6,3,8,9,9,3,4,9,7,30,"female","white","nonhisp","How people learn.","I couldn't figure out the blue bear or the orange jellyfish and it's frustrating me still."
"A1V1JNPU0KOA3X:308XBLVESJJOPZQ9GBBD7ERU6M4BR2",0,9,2,8,9,10,3,2,4,2,9,10,9,4,2,7,8,3,3,3,8,8,6,7,2,4,2,7,7,NA,"male",NA,"nonhisp","",""
"A1WRYUFOYFF8QO:3VHP9MDGROZAWED63G7E19JTLI4FCR",0,9,1,10,10,10,9,1,4,10,5,2,3,7,10,2,9,5,3,2,10,9,9,1,8,10,10,2,1,25,"male","white",NA,"Perception of actions.",""
"A1YC558J4E5KZ:3Y5140Z9DYVD0UO09TZ5O6VS0T7PI2",0,8,2,4,10,10,1,1,1,10,9,1,4,9,6,9,4,7,10,10,9,3,4,9,9,4,5,7,6,46,"male","white","nonhisp","How people learn",""
"A1YM0IWPC72J7V:3K9FOBBF2IYFNAKTEHJQCXIPHIZNLH",0,1,10,5,1,1,8,10,5,7,7,8,3,8,10,8,1,7,10,10,1,1,10,1,10,10,10,1,1,24,"male","asian","nonhisp","To figure out the pattern",""
"A1YTNGH5SMM2CJ:3Z4GS9HPNWPR5434UG1RXVEYMJQ77I",0,8,8,8,7,8,9,5,10,10,10,6,3,10,5,5,2,2,10,10,6,2,3,4,4,10,10,4,2,28,"male","white","hisp","To determine whether I choose to spend more time making food choices related the easier to decipher creatures or the more confusing ones.","The questions were clear and I experienced no problems."
"A228YSXU6H27QT:35GMH2SV3FWJZPADYAWZERSAYWZOE8",0,10,1,9,9,10,1,1,8,5,5,8,9,1,2,1,8,2,1,1,1,4,3,8,2,4,4,10,7,33,"male","white",NA,"Determining differences between visual changes in the monsters",""
"A22BQTBZLQETW4:3HMVI3QICK7W92K3S9AI9Y7INXW1YF",0,9,9,6,2,3,8,9,3,1,3,9,9,7,2,8,6,6,4,6,3,7,2,1,3,9,9,3,2,35,"male","white","nonhisp","how fast someone can figure out the pattern if the was one",""
"A22DDO8NILSX6O:3HOSI13XH03N3M5OC67ZXFYQU6ZDDF",0,7,9,3,3,2,10,2,7,8,4,4,7,10,5,10,3,10,10,8,10,9,7,7,7,9,8,10,8,49,"female","white","nonhisp","Sorting based on physical characteristics OR based on complete randomness.  :)",""
"A23GB80BDI6PPL:3U5NZHP4LSHD4ZDG3BHKOUUD0HMHPX",0,8,6,6,8,8,5,8,6,8,5,6,6,3,6,7,2,9,6,10,10,2,3,9,3,3,3,5,2,31,"female","mult","hisp","To see how much time we spent on each family depending on how well we did with guessing their food preferences. ","I liked this study!"
"A24LC97AU3QC7G:30LSNF239VAH8NNU7VOTSTNZPJ3I2W",0,5,1,10,10,10,10,1,5,10,2,2,3,10,8,5,6,1,5,7,10,6,2,9,2,1,4,10,8,35,"male","white","nonhisp","What would we choose to spend most time on",""
"A24O8U6HKPJKVA:33LKR6A5KFZ0SGL9I3NJ1HF38UU1T4",0,2,9,1,2,2,8,1,2,10,1,2,2,8,1,5,5,3,6,7,3,3,10,2,9,10,10,3,3,32,"female","white","nonhisp","I think the experiment was testing to see if I could find common qualities",""
"A266LNUJOVKCDS:3PW9OPU9PRZ68HRWZO3N0U6D8HB217",0,9,1,10,10,10,10,1,3,10,2,2,5,10,6,3,10,5,9,5,10,6,3,10,7,7,4,10,6,31,"female","white","hisp","Find patterns?",""
"A26DGX4XQWOI7S:3EF8EXOTT2A6EDP4699FZBSUASY1JU",0,9,7,3,7,8,8,7,8,7,9,7,8,10,8,1,10,9,2,5,10,5,7,3,3,7,10,5,10,42,"male","white","nonhisp","I'm not really sure",""
"A27BRY2BI6NNPW:3I02618YA1LI9LJ03AOJ79J3UO3PUJ",0,3,8,1,1,9,8,10,10,2,10,10,9,8,2,6,9,3,2,9,8,10,4,9,3,2,9,8,10,35,"female","white","nonhisp","How well you can recall and remember the food choices for the monsters based on preference. ","n/a"
"A27PVIL93ZMY46:3LOTDFNYA8EJACJBK77FD3QWDYVWFQ",0,3,1,1,10,9,3,1,8,10,9,1,3,7,4,8,10,9,1,3,9,4,5,3,3,8,8,8,2,37,"female","white","nonhisp","To see if people could find preferences based on appearance ",""
"A28HB7240OFGEW:3R8YZBNQ9IX1BM8JQFAXXMVTR9HQ7Y",0,1,10,1,1,2,7,2,1,10,1,1,1,1,1,5,5,4,5,8,5,9,10,1,10,10,10,8,9,25,"male","white","nonhisp","Trying to see how well people could learn about the aliens.",""
"A29IBNSV45WIMQ:32XVDSJFP0C346DLSAMLKMUG6TVM2Q",0,10,1,9,10,9,8,4,4,10,9,3,3,8,9,3,10,6,2,3,8,9,10,3,6,8,9,8,5,29,"male","white","nonhisp","finding patterns based on the monsters appearance.",""
"A2AGQGMZVSZVUJ:3WQQ9FUS6B9I7UBDH25DGXWPGTBB8J",0,10,8,9,3,4,8,9,3,2,3,9,10,8,2,3,2,4,8,10,7,2,9,10,8,3,3,8,9,44,"female","white","nonhisp","not sure",""
"A2AJIRNA6L4IJI:3R2UR8A0IBVS5P1UTFMR2GDHE1ROXW",0,9,8,3,7,3,9,8,10,10,3,6,2,8,10,2,1,10,8,10,4,1,4,3,8,9,8,7,4,31,"male","white","nonhisp","Learning the rules of what food each family prefers based on their shape and size.",""
"A2AMQX0BQZXG9N:3EJJQNKU9SKYGCTVG3L9TPUS1ZAHRP",0,5,10,3,6,8,1,10,1,1,1,9,10,1,5,8,1,10,10,10,1,1,1,10,1,2,2,10,1,43,"female","white","nonhisp","patterns?",""
"A2C7A6E70NYNUI:33FOTY3KEN0J6ZJYWHSTC7FZK9C1C5",0,1,10,2,1,1,2,2,10,1,9,10,10,10,10,8,4,5,9,10,8,10,3,8,5,2,1,4,2,23,"female","ai","nonhisp","I have no idea. ",""
"A2CF2BD4Q0ZDJN:37ZHEEHM6X194L2HS4Y1KE2IHH173A",0,3,3,3,9,10,3,2,7,7,9,9,10,3,4,2,3,2,9,10,3,2,8,10,7,3,5,9,7,54,"male","white","nonhisp","Effort in classifications",""
"A2CJFO19NY4T5R:35USIKEBNSVX4PHMRDDONE0SRNBN6A",0,4,8,7,4,5,8,7,4,6,4,2,5,8,7,4,8,7,2,2,8,3,4,3,8,9,7,6,5,30,"female","white","nonhisp","HOw long we'd stick with something when we were getting lots of negative reinforcement",""
"A2DVJ6OMVVYTC7:3R0T90IZ1TRGAE91E0DWJUJ5MXOGCB",0,2,9,1,1,1,2,4,10,2,10,10,10,10,10,2,8,2,2,2,2,4,9,3,8,8,9,9,10,28,"male","other","hisp","How we learn about a beings eating habits based on how they look. ",""
"A2DWPP1KKAY0HG:32RIADZISTJG5F5DGL1VPAQKIWJ4SQ",0,10,10,10,2,5,7,9,5,1,3,10,10,10,3,5,2,4,10,10,7,3,8,9,9,4,8,8,10,24,"male","white","nonhisp","To find out how people solve problems.","Great study. Enjoyed it."
"A2DXEPC4QFV4R1:3OWEPKL08ARG8PVRANIGTS0OMYVN79",0,8,8,7,10,10,10,3,2,3,1,10,10,4,2,8,6,6,10,10,10,3,10,10,10,5,5,10,10,53,"female","white","nonhisp","To see how well people could recognize patterns.","None."
"A2F93SIUUV5HQH:3DL65MZB8EUIQ0DA85N8JRYT9IRCEA",0,1,10,1,1,1,10,6,7,2,8,10,10,9,1,9,4,6,9,7,10,9,6,1,10,10,10,4,1,31,"female","white","nonhisp","I think it was about how people learn to make associations.","Thank you for the HIT!"
"A2FS4CFA35R6CN:3K4J6M3CXF8SHZC3UMH5DZTHMULGAR",0,10,10,10,1,1,10,10,3,3,2,10,10,4,1,3,2,2,10,10,2,1,3,1,2,10,10,3,1,69,"female","white","nonhisp","to figure out the pattern of what monster preferred what food but had one monster that was simply random.","fun survey thanks"
"A2I960JYUZ8KAV:37QW5D2ZRH1HOGSFSOR86M6PKHI8S2",0,9,2,10,10,10,6,6,4,5,4,4,5,8,5,3,8,2,4,5,8,5,7,7,7,4,6,8,7,25,"male","white","nonhisp","I'm not sure.",""
"A2IMMQ5AS3ZK78:3CFVK00FWM07GPE1F0X9AMW3MSAL65",0,7,4,4,8,10,1,3,1,10,10,1,3,10,10,3,7,4,4,5,10,7,10,1,10,10,10,1,1,25,"male","white","nonhisp","How curious we are and if we just will go with the monster that has a clear rule of what foods it likes to eat.",""
"A2JOHICL072IY3:3SB4CE2TJWA33L7TJWH91LTCPL5AX3",0,1,7,1,1,5,9,10,1,7,1,1,5,9,10,1,3,1,1,5,9,10,10,10,10,7,3,9,10,53,"female","white","nonhisp","","It was fun, but challenging."
"A2KG59JUICJLP0:38BQUHLA9XFHBD2QF8KIRZXJ7XVOM0",0,1,2,10,10,10,10,1,1,10,1,4,1,10,5,1,1,10,10,10,10,1,1,7,1,1,1,10,5,28,"female","black",NA,"monsters",""
"A2M3KQ9CKP7YW:36NEMU28XGSPGMBS6UBS8TA5AZ3MWJ",0,2,3,8,9,9,8,2,2,2,9,9,9,2,2,9,9,2,2,3,8,6,8,9,2,2,3,8,5,55,"male","white","nonhisp","seeing how much effort people will put into learning the harder ones","Thank you!"
"A2M5VW97GIYLHB:3ON104KXQLB9CWMM0QBWMZT5O93W4L",0,2,9,3,2,3,6,9,8,2,8,8,10,8,2,9,2,8,10,10,9,4,4,5,5,3,5,7,7,27,"female","white","hisp","categorizing, recognizing patterns, or it could be something totally unrelated.",""
"A2MUCL20GTQJA0:3S06PH7KSSJTBRPCWDN4WDXH59O1D5",0,2,4,8,6,9,7,2,10,9,10,6,3,6,9,7,7,4,9,9,10,7,3,7,7,8,7,6,7,30,"male","asian","nonhisp","Whether or not individuals subconsciously have preferences that affect their decision making.","Thank you for the chance to participate. "
"A2N72OL21SAV0P:32N49TQG3HXBZW2YJHGRD0WR995VAR",0,1,6,1,1,4,9,10,1,10,1,1,2,10,10,6,2,10,10,9,9,3,6,4,6,5,7,5,5,29,"male","white","nonhisp","Ability to observe differences between objects and determine patterns.",""
"A2NG1ZF8G87UDY:30LB5CDZNDPW739QSC8190XAOZRZ0Y",0,8,5,3,7,5,7,10,9,8,5,4,6,2,8,7,4,7,8,10,5,10,3,1,8,10,10,10,10,32,"female","white","nonhisp","Learning patterns? Feedback influencing choice? I hope the giant thumbs down was some kind of Pavlovian trigger at least.",""
"A2OFN0A5CPLH57:3NGMS9VZTMXHZQXGUIXF9F4WIWOFFW",0,3,5,4,6,10,9,1,10,10,10,1,1,10,10,1,1,2,6,10,9,1,1,2,2,6,10,9,1,34,"female","white","nonhisp","how people choose to learn more about information that is uncertain",""
"A2OVX9UW5WANQE:3YW4XOSQKR0FST0YI8DT6D15R8KU17",0,6,7,6,8,8,3,4,10,10,2,1,1,10,1,10,9,6,7,4,10,8,6,2,9,10,10,3,1,43,"female","white","nonhisp","I do not know","none"
"A2P76QVLSGJR45:3TU5ZICBREG5B0D20K23BMRO2TNQ8L",0,10,3,7,8,10,6,10,4,10,2,3,3,9,10,9,1,9,10,10,10,8,5,10,8,8,9,10,10,38,"female","white","nonhisp","no idea",""
"A2PXJTMWGUE5DC:36V4Q8R5ZLFKWPF6ULCMG4SJMZ7MQ2",0,5,2,2,10,10,2,10,8,9,6,7,8,7,8,2,1,1,10,10,1,10,10,10,10,1,2,10,3,58,"female","white","nonhisp","Discovering small details?","Thank you!"
"A2Q1YS118AO2BP:338JKRMM27E6HV7EESZNYZ5I1USHAL",0,6,8,9,4,9,8,5,5,8,7,6,7,7,8,5,8,9,3,6,7,5,10,3,1,9,10,9,9,29,"male","white","nonhisp","This experiment was about attention and decision making","Nice task"
"A2Q49PGT1MQAPI:36NEMU28XGSPGMBS6UBS8TA5AZPMW5",0,5,1,3,10,10,5,5,10,10,10,6,1,7,10,6,5,8,6,6,10,5,7,1,5,10,5,7,10,24,"female","white","nonhisp","I'm not sure!","Very interesting, curious about what it's about."
"A2QSAOQ838LIII:3OCHAWUVGPZ9FYGFVNUYVZW8UWZKXQ",0,7,8,6,6,5,5,9,7,8,6,6,5,5,7,7,10,4,8,4,9,7,7,5,9,9,8,5,5,45,NA,"white","nonhisp","i dont know",""
"A2QTP92PCZUGI2:3L0KT67Y8FVW3MJX5SP25ZURDWBSYQ",0,7,8,9,7,4,10,6,8,10,9,2,3,6,3,3,4,2,9,9,9,3,2,2,2,8,10,4,4,38,"female","white","nonhisp","Categorization / pattern recognition","none"
"A2R9OK4M877ZCC:38SKSKU7R2CN9992H16Y7PM8VJCLI6",0,6,1,1,1,5,1,5,6,1,1,1,5,10,5,10,10,10,10,10,1,10,6,1,1,1,5,10,5,28,"male","white","hisp","unsure","Thank you "
"A2RCJ30AFLCI54:33M4IA01QHGV22TAL73VWBIMPONRXK",0,3,10,2,2,2,8,2,9,2,2,7,9,6,9,9,2,2,7,9,2,9,9,2,9,9,9,1,8,37,"male","mult","nonhisp","Understanding patterns",""
"A2S75O867RJG0I:3II4UPYCOKMHSV9THSDJXE5PDKKQDR",0,5,7,8,1,3,7,6,10,5,4,6,1,10,5,9,1,10,10,10,8,10,8,10,6,7,8,5,8,22,"male","opi","hisp","To see if people could figure out the rules for each monster.",""
"A2S8ZTPKX3B928:3ERMJ6L4DZ7AQ7ARYM3GGDBOH8LM78",0,1,1,1,5,10,1,1,8,10,10,3,2,10,8,1,6,6,8,4,10,4,1,1,1,5,10,1,1,24,"female","black","nonhisp","",""
"A2SMAZGQOV2IAU:3Z2R0DQ0JIT5SIL8BCY27EP7XRIE27",0,10,1,9,10,10,10,10,7,6,4,9,8,10,10,9,3,4,10,10,10,10,1,10,1,1,2,10,3,41,"female","black","nonhisp","Examining how we make choices based on how hard or easy the task is. ",""
"A2T2RV6G8AMC7Y:3P59JYT76MZ7H13517NX60P801QT2X",0,1,4,1,1,3,3,4,6,8,6,5,5,9,8,10,2,10,10,10,6,1,1,8,8,4,2,10,9,30,"male","white","nonhisp","If we could distinguish patterns.",""
"A2TBWLOHTZNK54:3P1L2B7AD24X5VK5FWJ3RMIU7SFOL8",0,1,7,1,1,5,9,10,10,10,7,7,5,9,7,1,7,1,1,5,9,10,7,1,5,10,10,7,1,33,"male","white","nonhisp","How people learn things.",""
"A2TH9DIRISH8FE:3PH3VY7DJMCPFTABLJ1MGV6EP3MWZB",0,7,1,6,10,10,6,1,1,10,1,2,1,5,5,4,4,2,3,6,6,5,6,3,2,6,9,6,5,26,"male","black","nonhisp","decision making",""
"A2W8ZODKKQ7RYP:39GHHAVOMG6N6CMNTRSHX9ZXMDT4JX",0,9,1,2,10,10,5,1,9,3,4,10,10,10,1,10,10,10,5,2,10,9,10,10,10,2,2,10,9,47,"female","white","nonhisp","My ability to determine the food rules for each monster family.",""
"A2WCDQDLMC6J72:3KB8R4ZV1FMX09HV00H18ADN4CCGBS",0,8,2,2,10,10,10,1,9,10,10,1,1,10,6,9,1,2,10,10,1,1,5,10,7,5,5,7,10,34,"male","white","hisp","I have no idea","thanks"
"A2XJAGYVNVPCP0:3R5F3LQFV3ZHAK19UXACZ1TSM1POZT",0,10,1,10,10,10,8,7,8,8,1,3,4,9,5,6,9,1,2,5,7,5,7,10,1,3,4,8,5,41,"female","black",NA,"I am not sure but if I had to guess it would be to pattern noticing.",""
"A2XWD4PZM6JU0M:3WYGZ5XF3XU1JHUG1DOBWRFGFHYSKR",0,5,1,1,10,10,1,1,8,9,3,3,7,9,10,8,9,3,5,7,9,10,5,1,8,10,10,9,1,25,"male","white","nonhisp","how peopel choose to carry out the free selection period",""
"A2Z70GL7HTFFQR:35L9RVQFCPXQW4LCKXGEY0HC8X8HUL",0,5,6,8,7,4,8,5,6,6,6,6,3,8,6,7,5,6,5,4,8,6,6,6,5,6,5,9,6,29,"male","white","hisp","Perceptions of characteristics.","none"
"A2Z750U1HCWVEE:3ZAK8W07I5TFL4FGMP9TS8IVMGEU04",0,2,4,4,10,10,1,1,9,9,5,6,1,6,1,5,6,4,10,8,6,1,2,1,3,10,10,1,1,32,"male","white","nonhisp","I have no clue",""
"A2ZJS73XSSMRTD:358UUM7WR0I1NNNJ3UZX2C5YNVW7RT",0,4,3,4,10,10,9,10,2,2,6,10,10,10,10,1,10,8,1,2,7,3,8,7,9,8,10,3,10,28,"male","white","nonhisp","How people attempt to learn about others.",""
"A303U3NB6DSHBF:30LB5CDZNDPW739QSC8190XAOYY0Z4",0,9,1,7,10,10,6,3,1,10,2,1,1,9,1,3,8,7,6,5,6,6,4,5,7,6,5,1,4,47,"male","white","nonhisp","patterns",""
"A30YUV6IU0T6I6:3PM8NZGV8ZVVQ1EA8SEVRL8HT2WXQ0",0,7,1,4,10,10,7,1,10,8,5,4,4,4,8,3,6,1,10,7,4,6,10,10,7,7,7,8,7,25,"male","white","nonhisp","How people learn patterns.",""
"A32ES5EUTQUQVN:32UTUBMZ7HBGI67QPVGN8BGXRRQVBM",0,3,9,2,2,6,8,5,10,1,10,10,10,7,2,6,7,2,3,6,9,5,3,5,5,6,6,9,10,42,"female","white","nonhisp","",""
"A32TGAK321JDFF:3ZPBJO59KQG4F2AQY2QPO0DOMYVHDV",0,9,2,2,9,10,3,1,9,2,4,9,10,4,1,2,10,9,1,1,7,2,2,8,9,2,3,6,4,58,"male","white","nonhisp","Categorization capabilities of various demographics","I couldn't identify ANY preferences for one group. I THOUGHT I'd identified preferences for another, but turned out not to have. I think I had the two remaining groups figured out pretty well."
"A3454T4PU9GJM0:33ISQZVXPQ13T2TWCEHDT3YQO53CC4",0,1,8,1,1,8,9,9,8,1,10,10,10,9,2,1,8,1,1,8,9,9,1,8,1,1,8,9,9,42,NA,"white","nonhisp","Not sure","none"
"A34JIXFFK46827:3NPI0JQDAPK3984B35Y92DX1BAWPTS",0,1,10,1,1,6,4,10,1,10,1,1,7,10,10,8,1,10,10,10,1,8,1,4,1,1,8,4,10,29,"female","white","nonhisp","Learning and prefernces",""
"A34SUZWGLXIWM8:31Z0PCVWULUE320B7J4S2R6GBGL7TY",0,1,2,1,9,9,3,2,1,2,1,8,9,2,2,10,8,10,5,6,10,5,1,3,1,8,9,3,2,34,"male","white","nonhisp","I think it might be studying how well people can learn patterns.","It was fun."
"A353I1D9GT7GNC:39PAAFCODNFGES17PH7885MJXZKTV6",0,9,7,6,6,10,8,7,10,8,8,8,8,6,6,6,5,8,10,7,9,10,10,9,10,7,10,9,9,26,"male","black","nonhisp","It was about the aliens","good"
"A3609GDWR2JCCA:3PXX5PX6LYDWQI4SE0PRCO2K6HIABT",0,1,10,3,3,4,10,5,1,10,2,5,6,10,8,10,1,10,10,10,3,1,1,10,6,3,8,10,8,30,"female","black","nonhisp","How people prefer to work on things that they have to think more about or things that they find easy.","I have no additional comments."
"A36470UBRH28GO:3XXU1SWE8NAV6V1IGKS2S761FDQ0A2",0,4,8,3,4,6,10,10,5,8,3,4,6,10,10,8,3,8,9,9,10,5,8,2,9,9,10,9,2,36,"female","white","nonhisp","Rules and categorization",""
"A3696JXTRKL2FI:3VAR3R6G1QG2QO0ML7AZMHWONT1O89",0,6,9,4,8,6,7,9,9,1,8,10,10,6,1,4,10,2,6,5,10,8,6,2,6,10,10,8,1,26,"male","white","nonhisp","See how people learn things.","Thanks!"
"A36W1S4Z2LSNTC:3TE3O85731NU1MQDXII26LOQCFT2RR",0,3,8,8,4,5,8,10,9,2,3,10,10,3,1,7,1,1,10,10,1,1,3,10,8,2,2,10,10,32,"female","white","nonhisp","No idea.",""
"A374STD2W8N1U8:369J354OFEPRUX00490TXURVQBDG6J",0,10,1,2,10,10,10,2,3,10,10,1,3,10,10,9,8,8,5,6,8,8,9,7,5,7,10,7,8,31,"female","white","nonhisp","I'm honestly not sure. I think it was about figuring out patterns.",""
"A37EV8RZ82WT8E:3ZY8KE4ISKI3MC9F8DDD30BWDRPVQW",0,9,6,9,9,10,7,2,3,10,4,2,1,8,10,1,10,4,3,1,5,10,5,8,4,4,1,9,9,27,"male","white","nonhisp","Pattern recognition",""
"A37JD0XUZHQYRC:3IFS6Q0HJJYADM4S1A3ZJB03ND8SIF",0,2,1,1,10,10,9,9,3,3,2,9,8,6,9,7,3,4,8,9,9,9,10,10,8,1,1,4,1,31,"female","white","nonhisp","The experiment may be about learning preferences and memory.",""
"A3862RIFFUV141:3STRJBFXOX62YH7VQDT16WB2H1AKT8",0,4,2,3,3,10,3,1,9,10,7,5,3,8,7,8,8,7,8,3,10,7,2,1,6,3,10,3,1,46,"male","white","nonhisp","I honestly have no idea what it is you were trying to learn.","It was different and interesting!"
"A38IMMFKB2JJQK:3RYC5T2D748QTTRJZGTE2YWJNPZPRF",0,4,2,9,9,9,8,2,2,2,9,7,9,2,2,9,9,3,5,2,6,9,9,8,3,6,2,9,9,47,"female","white","nonhisp","",""
"A38VMTKS30TQZB:386PBUZZXGCJ4KT8ZJRYJQ188YXLJE",0,9,8,3,3,3,10,4,10,10,4,3,1,10,3,6,7,2,5,8,5,4,6,1,9,10,10,1,1,30,"male","white","nonhisp","Unsure",""
"A39Q4SNT7SRK94:3TXWC2NHN05H2LBPXGXM6I104ONS90",0,10,8,6,10,8,10,10,10,7,6,9,10,10,10,10,5,9,8,5,10,10,10,4,10,6,4,10,10,26,"male","asian","nonhisp","Preferences","None"
"A3ACUGH5N9VQO2:3WR9XG3T64QUMHLLSI3KUJUOVIX47U",0,4,1,4,10,10,7,1,7,7,7,4,5,7,9,1,1,1,10,10,1,1,8,10,9,1,1,5,5,33,"female","white","nonhisp","Learning about traits","N/A"
"A3AJJHOAV7WIUQ:3MRNMEIQW6L61YTGPN5NGS6V3EMDLE",0,1,7,1,1,3,9,8,1,8,1,1,10,4,2,10,6,1,10,8,2,5,1,9,10,1,5,9,8,44,"female","white","nonhisp","Not sure.","None."
"A3E8SXH0BAYG85:3B837J3LDPBN6L7BRXX8X31UA99RS0",0,10,10,10,6,4,10,4,1,6,1,1,5,10,10,1,5,1,1,5,10,10,1,3,1,1,5,10,10,45,"male","white","nonhisp","Trying to find patterns in the monsters eating habits","Thank you"
"A3F8G26PENQ6EO:3S96KQ6I9NJUKB1LYW7E2JGCXRHDTQ",0,10,1,10,10,10,10,1,10,6,7,10,10,4,1,6,10,2,1,2,4,6,1,8,6,7,5,10,10,27,"female","white","hisp","To see which we would prefer to solve if given free reign on what to choose","This made me hungry"
"A3FABY0Q6234WK:3OWEPKL08ARG8PVRANIGTS0OMY4N7I",0,2,9,1,2,3,8,9,3,9,3,4,6,7,9,7,1,9,10,10,2,1,7,1,7,10,8,4,1,24,"male","white","nonhisp","I really have no idea.",""
"A3FOKP72T5I4FR:3IXQG4FA2UDILZUNMUBRGTR000FB9W",0,10,1,10,10,10,10,1,10,1,7,8,10,10,6,1,10,1,2,3,10,7,1,10,1,1,3,10,6,41,"female","white","nonhisp","how well we learn",""
"A3G5FY6NGZWIY7:3OVHNO1VE7GQ6NAK4OWWO7HTIN8DZB",0,10,4,5,6,5,5,6,1,10,2,1,2,10,4,4,7,1,4,3,8,9,9,1,10,10,10,3,1,30,"female","black","nonhisp","I am not etirely sure.",""
"A3GIIL73GE2CBQ:3TEM0PF1Q6CT424U0UJ4I8E70HID0E",0,10,2,2,10,10,2,4,1,10,10,1,3,10,2,8,3,3,9,10,6,4,3,7,6,4,5,8,7,30,"male","white","nonhisp","i don't know",""
"A3GJWXA13GMS9H:3LRKMWOKB6W33DC47ZCFSOQPLWTZ2Y",0,8,2,2,9,10,3,1,8,2,3,9,10,3,1,9,6,9,9,10,9,1,2,10,6,2,2,5,1,27,"female","asian","nonhisp","",""
"A3GPTSDDHJ2DBV:3WS1NTTKEZRQ2MIQR0EU68HSCUZ0FD",0,3,1,2,8,9,4,4,5,10,10,1,2,9,5,3,1,3,8,9,8,4,5,10,8,3,6,9,4,29,"female","asian","nonhisp","Unsure",""
"A3GQRD3530XFM3:3SB4CE2TJWA33L7TJWH91LTCPKZAXV",0,10,10,7,7,6,10,8,9,10,7,5,6,10,9,4,1,4,10,10,1,1,4,1,4,10,10,4,1,40,"female","white","nonhisp","no idea","none"
"A3HIRLDYDLBYDQ:3SB5N7Y3O4JWGMEL2KKCOTH4D9YG0R",0,1,8,1,1,8,8,10,10,7,10,1,9,8,10,1,8,1,1,8,8,10,1,8,1,8,8,8,10,55,"female","white","nonhisp","ability to learn with lots of repetition",""
"A3I3JQX0P2F0K3:34S6N1K2ZWYNDEYIBJOD7DLTV6TLH9",0,9,1,4,10,10,9,2,8,10,6,5,3,8,6,1,8,1,1,4,10,10,10,3,10,10,10,10,3,34,"female","white","nonhisp","If we chose to learn difficult things, or master something easy.",""
"A3JSDZMBS8L87S:3UOUJI6MTETNIULRP1Y01M56WNYUXY",0,10,10,10,2,1,5,10,8,5,6,9,8,2,4,7,6,5,8,10,8,2,2,1,1,10,10,9,2,28,"male","white","nonhisp","Mayhaps the level of interest in the unknow, such as if the blue demon bears had a rule or not.",""
"A3L1DZWXQFWB90:3B2X28YI3XUV3GSPON8FWJ0YAY3B6F",0,8,10,7,3,4,7,8,8,1,10,10,10,7,7,7,7,5,6,7,9,8,7,1,6,10,10,8,9,34,"female","white","nonhisp","learning rule for monster food",""
"A3L4RJUHA0CJEA:3B3WTRP3DCHOXMUR31IGF0OW6TP92D",0,10,10,10,6,3,10,8,2,1,2,10,10,2,1,10,10,10,7,5,10,8,3,1,4,10,10,4,1,30,"female","asian","nonhisp","to see if we could find the pattern of which food they prefer","none"
"A3M0I9QQHXMBN0:3KGTPGBS6Y0MHEIU1CD7BWBAJEYU2O",0,5,8,10,9,5,5,5,10,1,1,2,10,10,10,3,6,10,8,3,5,4,1,9,9,7,1,4,2,27,"male","white","nonhisp","",""
"A3O5EU9QQV2OS1:33F859I567SB05C6K6ZJTAPOJCDHBG",0,10,1,3,10,10,6,1,4,10,7,3,3,7,5,10,1,3,10,10,8,1,7,8,6,5,5,4,5,25,"male","white","nonhisp","Seeing if there is a pattern.","No"
"A3O7X46E3REM7I:3DH6GAKTYZ4T4Y5B0KJA1SRU0BBZY2",0,2,9,4,2,7,9,5,2,9,4,2,7,9,5,2,6,4,2,7,7,9,9,2,9,9,9,2,2,30,"male","black","nonhisp","I have no idea.","N/A"
"A3POD149IG0DIW:3FFJ6VRIL23ACDKGS8KF95UKSLZ0IA",0,2,2,1,8,9,2,2,2,4,1,8,9,2,2,2,4,1,8,9,4,2,10,10,10,2,5,9,10,33,"female","black","nonhisp","whether you spent time on harder tasks or known easier tasks","none"
"A3QC57KUVJP5EW:3WZ36BJEV4V15E31K0G87TSCU73TBZ",0,3,2,9,10,10,3,2,2,1,9,10,10,9,2,7,7,1,4,6,8,8,10,9,4,2,5,7,7,26,"male","white","nonhisp","I do not know. ","None. "
"A3QLGMZOLGMBQ1:3NKQQ8O39ZK9KOGAY1XO7F2EG5ODUH",0,4,10,3,4,5,7,6,7,1,8,10,10,1,1,4,10,3,4,5,7,6,7,1,8,10,10,1,1,48,"male","white","nonhisp","Intellectual curiosity",""
"A3R0TIQBS9FK5Y:34Q075JO1YSZC7OIK1Z9H6DYBJL10G",0,6,7,6,6,6,8,7,3,9,3,2,4,8,4,9,1,8,9,10,6,1,8,1,8,9,10,3,1,22,"male","white","nonhisp","Which family was preferred based on the fact that there were patterns in some families.",""
"A3RR85PK3AV9TU:3TVSS0C0E2FTTH1CFRC4U75X48MTWG",0,4,3,6,9,10,5,2,7,8,4,3,6,10,10,6,6,3,4,7,8,10,3,2,7,10,10,3,2,30,"male","white","nonhisp","To see how people decide to interact with an experiment.",""
"A3S3NLZV7A06QN:3EWIJTFFVPMYW8IUWPUOOQWS0SO0EX",0,1,8,1,5,5,10,9,1,9,1,3,4,8,9,1,9,1,2,4,5,9,10,1,10,10,10,9,1,36,"female","white","nonhisp","Not sure","None"
"A3SDFAOJW87FGP:39GXDJN2OUTXG89JMJWDH9QWJL98V4",0,8,5,4,9,9,1,7,3,9,4,5,2,10,5,10,1,10,10,10,1,1,3,9,4,3,2,10,6,48,"female","white","nonhisp","not sure","thanks"
"A3SGZ8OQXW5TQD:3BC8WZX3V4BB567YC8X37TWYO7QRRC",0,2,10,5,3,3,3,2,9,7,10,7,7,10,9,6,3,6,10,10,8,10,8,1,2,10,10,1,10,28,"female","white","nonhisp","Learning patterns",""
"A3TMUAPCRFG63N:37Z929RLGAN0M0K3VM23XI2CYUTST1",0,1,1,1,10,10,3,1,1,1,2,10,10,10,1,10,10,10,2,9,10,10,2,4,2,10,10,9,2,28,"male","white","nonhisp","Trial and error","none"
"A3W4MAKNDI1SXM:3D4CH1LGEB8ECG2Y2G35H4IXGC9G9I",0,10,2,10,10,10,10,7,4,6,2,5,1,7,10,10,6,8,10,10,8,9,2,9,4,3,1,9,10,50,"female","white","nonhisp","unsure",""
"A4158R4Y06ZB4:3UN61F00HX4M0J90F1K04SR2WQVR5U",0,1,3,9,1,10,1,1,1,10,6,1,10,7,1,1,6,6,6,10,7,1,1,1,1,10,10,1,1,26,"male","white","nonhisp","Patterns","Thanks"
"A49HPQ9P5AHU4:3EQHHY4HQT7VBT0MZQQO5ODVUG2G53",0,6,8,1,3,5,10,10,6,5,1,6,7,10,10,6,8,1,1,5,10,10,3,1,10,10,10,4,1,46,"male","white","nonhisp","Just to see if I would continue to try to learn about the monsters I hadn't figured out or stick with one I knew well.",""
"A5NHP0N1XC09K:3SPJ033422I34J07IYGODY34HD6JY9",0,8,7,10,10,9,6,3,1,5,1,1,6,6,10,1,5,1,1,6,6,10,1,6,1,1,6,6,10,52,"male","white","nonhisp","no idea",""
"A5OJ7FHDAEHR9:3DH6GAKTYZ4T4Y5B0KJA1SRU0CAYZ2",0,7,7,8,9,7,8,6,6,2,9,9,10,7,3,2,7,1,1,6,7,6,2,9,1,1,5,4,5,40,"female","white","nonhisp","Learning patterns.","Thanks!"
"A6JKKANO7F4KD:3FQ5JJ512M34342BTH7PXX5ASIPNK9",0,7,8,8,7,5,10,8,9,10,9,1,2,10,3,5,5,6,8,8,7,7,3,1,1,5,9,4,2,55,"male","white","nonhisp","how much effort we put into learning categories depending on perception of whether they are simple/complex/rule-based","none"
"A6JOC24PSUEEC:34FNN24DCNOVXKLMTWCUCOKZZC6Y5X",0,2,2,6,10,10,3,1,4,6,5,10,10,5,1,9,10,9,5,4,9,9,1,1,4,10,10,5,1,52,"female","white","hisp","How people discover rules about categorization.",""
"A81J8KZ80P13V:3SB5N7Y3O4JWGMEL2KKCOTH4D870GI",0,10,7,10,10,10,6,4,8,9,7,1,1,6,4,8,10,9,2,4,10,9,6,2,4,10,10,1,1,33,"female","white","nonhisp","to see how much time people spent on each family trying to learn their habits","no comments"
"A9LX4ZVRERSMC:3A4TN5196LXUAA4CY6VE4UV61XKCHP",0,10,1,9,10,10,10,10,9,1,9,10,10,10,10,3,10,9,6,1,10,10,9,4,10,8,10,10,10,32,"male","white","nonhisp","",""
"AAASQIW3J32OL:3K9FOBBF2IYFNAKTEHJQCXIPHIUNLC",0,8,9,9,1,3,8,8,8,8,7,3,3,5,8,7,4,4,10,9,5,2,6,1,3,10,10,4,2,57,"female","white","nonhisp","How people process information and come up with inferences, or conclusions.","It was intriguing and fun."
"AAON9MI7I8JU8:32ZKVD547G2W6X575LAHPGOE07VB33",0,2,4,2,9,10,3,2,2,1,3,10,10,9,2,9,8,9,6,7,3,9,10,10,10,2,1,8,2,25,"male","white","hisp","I think this experiment was about trying to group monsters together, or maybe trying to relate people together.",""
"AAU61MG2R6RH0:3GGAI1SQEWDG2O5NP3BRWZ32IJMMCB",0,9,7,7,7,6,9,9,9,6,8,6,9,8,7,2,10,1,1,3,8,10,10,5,7,9,9,7,7,52,"female","white","nonhisp","Examining ability to learn patterns and systems",""
"AAXX5LDVJ32F8:3DQQ64TANH0V1P85YA3KPX40F40PW4",0,3,2,2,10,10,1,1,7,7,3,7,8,6,4,9,10,7,1,1,10,1,3,1,2,10,10,1,1,45,"male","white","nonhisp","Pattern finding/categorization",""
"AB1X97ASE626Q:3NPI0JQDAPK3984B35Y92DX1BAWTPW",0,9,7,6,9,9,6,1,1,2,9,8,10,8,1,7,9,8,2,1,10,1,8,4,5,8,10,2,1,37,"male","white","nonhisp","not sure",""
"ABMPX2Y2IRBMG:3TPZPLC3M1RYAR6HOQSIK0T3HC6P30",0,8,10,9,1,1,7,2,8,2,6,9,9,5,3,9,8,9,3,4,5,3,6,2,7,10,10,5,3,32,"male","white","nonhisp","I have no idea.",""
"ABX5OQLR6UNBC:35USIKEBNSVX4PHMRDDONE0SRNBN6A",0,2,8,7,1,5,10,6,4,3,4,10,10,10,1,4,2,1,10,10,3,1,7,9,10,1,4,10,8,43,"female","white","nonhisp","Don't know.",""
"ADGQOL6YC087W:3PMBY0YE28I1V4MT0U7MRDXIIK5C9S",0,4,2,7,8,10,10,9,6,8,3,1,6,10,10,6,10,4,3,7,10,10,4,1,10,10,10,10,9,51,"male","white","nonhisp","Maybe to see how well I did with different levels of complexity and what group I would spend the most time on.","none, thanks."
"ADWDNBND4BW94:3JWH6J9I9TS3A1YHN4UWYUMK5OANBJ",0,1,5,1,1,3,9,10,1,5,1,1,5,5,10,10,5,10,10,10,5,1,1,5,1,1,5,5,10,24,"female","white","nonhisp","learning about monsters",""
"AFZKP8TAXAUCR:3C6FJU71TR8CIZB1UXK2K0CFYTSUY4",0,2,6,8,8,9,4,8,5,10,3,2,1,8,9,4,5,2,3,4,9,5,6,5,6,4,4,8,5,23,"male","white","nonhisp","N/A","N/A"
"AH3ER3EJXHRO2:3VD82FOHKR342RQZ2JQ4O3S7DKJOCC",0,10,10,8,3,1,10,5,8,9,8,10,10,5,5,8,7,6,6,10,7,4,8,9,5,6,1,8,4,33,"female","white","nonhisp","not sure",""
"AHY3YAYJLTW32:3XUHV3NRVLD9BPVXJW86QOPW9GYH5M",0,10,8,10,8,10,7,10,7,10,6,5,2,10,3,10,2,7,8,10,3,10,5,5,4,6,7,9,6,32,"male","white","nonhisp","i really dont know","thanks"
"AIJEWX92UW722:32VNZTT0A8J440501W1QZ0LOWTQR4D",0,7,5,5,9,10,7,1,9,10,10,3,4,9,3,8,8,7,6,5,8,4,4,2,3,10,10,3,1,34,"male","white","nonhisp","I'm not really sure, sorry.",""
"AIJUY02ENAH9U:3VFJCI1K40EKGGYKWX3R8PIRMY5GRV",0,1,1,9,10,10,1,1,1,1,10,10,10,1,1,10,8,6,5,5,10,8,10,10,4,2,5,5,8,32,"female","white","nonhisp","no idea",""
"AJ9N1D8B96693:3WAKVUDHUXVT3FF07OU27NSIUUS7UP",0,9,2,9,10,10,8,2,6,9,4,4,2,9,8,8,9,4,4,2,8,5,9,2,9,9,10,7,2,39,"female","white","nonhisp","Natural biases, and selection.",""
"AJXIC6Q5EM76P:3WSELTNVR4HWM4Y9EMGCCI86COZAT0",0,8,8,7,5,2,9,1,8,10,9,2,1,8,1,2,1,1,10,10,1,1,2,1,1,10,10,1,1,58,"male","white","nonhisp","If you could determine rules for food priority based on monster type.","Fun hit, thanks."
"AK81F0NOBFJS3:37W3JXSD67NPA306PXZ32OXCJ9IWYK",0,7,3,7,8,9,6,9,6,2,5,7,8,9,8,4,9,4,4,2,8,4,4,8,4,2,1,9,3,33,"male","white","nonhisp","Our abilities to consciously and subconsciously group things into categories and how our confidence in grouping them affects our abilities to be accurate.",""
"AKRFNRKI1IMJ1:3LRKMWOKB6W33DC47ZCFSOQPLWOZ2T",0,1,10,1,1,1,10,9,10,4,7,8,9,1,6,1,10,1,1,4,10,9,10,1,10,10,10,1,4,39,"male","white","nonhisp","picking up on patterns","none"
"ALEE1QD4TW9G4:3MAOD8E57RPAN41IS0MENRDCOS5XNB",0,2,8,1,1,3,8,5,9,3,6,9,10,4,10,10,1,9,10,10,10,10,4,10,3,1,3,10,4,44,"female","white","nonhisp","Which monster people chose to learn more about ",""
"ALEJV7D94ZLHF:3DPNQGW4LMUBIH7G98YSO5US07D46V",0,6,1,10,10,10,1,1,8,2,3,8,10,2,3,4,8,2,4,8,8,9,1,10,1,1,1,10,6,27,"male","white","nonhisp","I don't know",""
"AMNMG3DCCC166:33CKWXB73KZZJW90GK39VBW8GB211U",0,10,3,10,7,6,6,5,7,5,1,1,1,6,1,1,10,1,1,1,6,1,1,10,1,1,1,1,1,43,"female","white","nonhisp","to see if i could figure out a pattern of which size/shape liked each food","fun survey"
"AMUV60QYHNUR3:3GLB5JMZFYAQF6FFEW87301N7X0GDB",0,7,9,7,8,8,9,8,10,2,10,10,8,10,3,9,4,8,6,9,8,9,2,10,4,3,7,9,10,49,NA,"white","nonhisp","Recognizing what was the common element to learn more about the monster. ",""
"ANFWGSQ8BQRZ:3LEIZ60CDKEE3XX3S8RU2BY3R2R9ZO",0,7,6,4,7,8,8,5,2,1,2,10,10,6,2,10,10,10,1,2,10,5,8,8,7,5,7,4,7,41,"male","white","nonhisp","pattern testing behavior",""
"ANK8K5WTHJ61C:3CP1TO84PUG5WZSF0B5Z3KJUKX0259",0,3,4,4,10,9,2,1,10,8,8,9,10,9,3,8,10,10,7,3,10,8,3,2,1,10,10,3,1,49,"female","white","nonhisp","Perhaps being able to learn characteristics of groups and how classified.","Great format, interesting challenge."
"AP6MF3NZVUW5C:3U8YCDAGXQVNTB8Z5GPOI7L6JVF0QC",0,10,2,9,9,10,9,2,3,10,1,1,2,10,10,10,2,10,10,10,10,2,8,9,6,3,5,10,10,35,"female","white","nonhisp","How we categorize items and if we want to learn easy or hard items?",""
"APO6KZZ79PO9Q:386PBUZZXGCJ4KT8ZJRYJQ188ZNJL4",0,5,4,2,5,6,1,5,1,5,4,1,7,2,4,1,3,10,10,10,2,1,1,9,1,3,6,2,4,33,"male","white",NA,"human perception",""
"APQU1QQ738JV9:3A4TN5196LXUAA4CY6VE4UV61XHCHM",0,9,8,6,7,6,8,8,9,8,8,4,1,8,8,1,7,1,1,1,8,7,5,9,7,3,7,8,8,35,"male","white",NA,"idk","it was good"
"AQ5KOKZQSZU0B:3UOUJI6MTETNIULRP1Y01M56WN2XU5",0,3,1,1,10,10,4,4,10,9,8,5,5,10,7,10,10,10,3,2,10,7,4,4,3,9,7,10,6,28,"female","white","nonhisp","How we learn about associations","none"
"AR22D9E55HQBF:3WQQ9FUS6B9I7UBDH25DGXWPGUXB87",0,7,10,10,1,2,10,9,3,4,2,10,10,10,1,3,1,1,10,10,10,1,7,9,10,3,2,10,9,28,"female","white","nonhisp","I don't know",""
"AS8BGRD5QFUTQ:33SA9F9TRY9R4YJFPWN9VL5W1XZWER",0,5,7,6,7,7,9,9,8,3,2,9,9,9,9,9,10,10,1,3,10,3,2,4,5,9,9,9,9,37,"female","white","nonhisp","unsure",""
"ASTR3EPUOKEXV:3DYGAII7PMNQHSCJM14EX8MER3XPQE",0,5,9,5,3,2,9,6,2,8,4,7,2,10,5,7,2,9,9,10,3,2,9,4,7,7,6,10,9,27,"male","mult","nonhisp","not sure",""
"AU7A3QNJF3O00:3OE22WJIGJ339XKF3N387E9DZLAQUY",0,3,8,6,2,2,7,8,10,2,9,9,10,4,1,9,4,9,9,10,7,1,1,9,2,2,1,8,7,28,"male","white","nonhisp","Understanding patterns",""
"AUCSC92OG0BIM:3KMS4QQVK35SFCPUVTOCPSW1QR4KF0",0,10,1,10,10,10,10,10,6,4,1,5,8,6,10,5,4,1,4,8,6,10,1,10,1,1,1,2,1,36,"female","black","nonhisp","The willingness to learn about something different, and how much effort one is willing to put forth to educate one's self.",""
"AVJUIF9QHQRY8:3VW6495TLKFTZ8V64YHRNLISUI2YY7",0,4,9,4,4,3,5,6,8,6,7,6,6,8,6,6,6,4,3,3,8,6,8,2,8,9,10,2,5,33,"female","black","nonhisp","learning different habits",""
"AW0K78T4I2T72:3WSELTNVR4HWM4Y9EMGCCI86CPQATT",0,1,7,2,1,4,10,8,2,10,4,4,6,10,8,10,1,10,10,10,10,4,8,8,7,6,10,10,6,70,"female","white","nonhisp","Learning to categorize differences.","none"
"AWD97KUKGN0LR:3SBEHTYCWOI798G10GVO1XO44Y9IYO",0,8,2,5,8,10,10,6,10,1,10,10,10,10,1,6,9,2,2,3,7,3,6,9,2,2,4,5,5,39,"male","white","nonhisp","Using critical thinking to identify patterns.","Fun study."
"AX06ZUCRNSGB3:35K3O9HUACSPTCXKZ7D9RXJW6V9FEE",0,1,10,1,3,5,10,10,1,10,1,3,1,10,10,1,10,1,10,4,10,10,10,1,10,4,10,6,1,24,"female","white","nonhisp","wether we would pick the easiest option?",""
"AXKTYKCT9NGHS:3KIBXJ1WD69MLP2NUW72CM5FISAOK5",0,5,5,4,4,10,7,2,9,8,8,9,9,8,8,3,10,3,4,4,9,7,2,2,4,2,10,4,2,24,"female","white","nonhisp","I have no idea! But it was more fun than most :) ",""
"AYCHPTQRYDT7G:3U4J9857OFQE7G6U7XD72X0U595B7W",0,10,7,10,10,10,1,6,1,4,1,1,8,3,5,1,9,1,1,4,7,10,2,10,1,1,1,7,3,46,"female","white","nonhisp","Trying to decipher likes and dislikes based on visual appearance",""
"AYH6G17Q8FY3B:3JPSL1DZ5TEYRRTPHQU03J2EN6PNAO",0,10,1,10,10,10,7,10,2,10,2,2,2,4,3,2,10,2,3,4,3,6,2,10,2,2,1,7,1,30,"female","white","nonhisp","How much time you would spend if you wondered if you could find out more about something","none"
"AZ57C58RDAMJF:3IGI0VL648ZNTVNQR9ZI4EMJCN5ON0",0,2,8,1,1,5,7,8,6,7,5,3,6,7,5,8,2,10,10,9,6,3,5,4,1,1,6,7,8,54,"female","white","nonhisp","memory",""
"AZZA3J049G7R5:38JBBYETQPPFVW0VFQHQ0TM5H5EE43",0,1,6,1,1,6,10,8,1,10,1,1,1,1,1,10,3,10,10,10,10,1,1,7,1,1,7,10,8,26,"female","asian","nonhisp","If people are comfortable with patterns and staying with them.","Sorry for focusing on one alien, I did not want to learn other aliens."
